x1,x2,label
Anti-DDoS流量清洗,什么是Anti-DDoS流量清洗？,0
Anti-DDoS流量清洗,告警提醒API接口,1
Anti-DDoS流量清洗,通用请求返回值,1
Anti-DDoS流量清洗,攻击事件能否及时通知？,0
Anti-DDoS流量清洗,开通Anti-DDoS服务,0
Anti-DDoS流量清洗,开通Anti-DDoS服务,0
Anti-DDoS流量清洗,开通Anti-DDoS服务,0
Anti-DDoS流量清洗,开通Anti-DDoS服务,0
Anti-DDoS流量清洗,开通Anti-DDoS服务,0
Anti-DDoS流量清洗,开通Anti-DDoS服务,0
Anti-DDoS流量清洗,查询Anti-DDoS任务,0
Anti-DDoS流量清洗,查询Anti-DDoS任务,0
Anti-DDoS流量清洗,查询Anti-DDoS任务,0
Anti-DDoS流量清洗,查询Anti-DDoS任务,0
Anti-DDoS流量清洗,查询Anti-DDoS任务,0
Anti-DDoS流量清洗,查询Anti-DDoS任务,0
Anti-DDoS流量清洗,查询周防护统计情况,1
Anti-DDoS流量清洗,查询周防护统计情况,1
Anti-DDoS流量清洗,查询周防护统计情况,1
Anti-DDoS流量清洗,查询周防护统计情况,1
Anti-DDoS流量清洗,查询周防护统计情况,1
Anti-DDoS流量清洗,查询周防护统计情况,1
Anti-DDoS流量清洗,查询Anti-DDoS配置可选范围,0
Anti-DDoS流量清洗,查询Anti-DDoS配置可选范围,0
Anti-DDoS流量清洗,查询Anti-DDoS配置可选范围,0
Anti-DDoS流量清洗,查询Anti-DDoS配置可选范围,0
Anti-DDoS流量清洗,查询Anti-DDoS配置可选范围,0
Anti-DDoS流量清洗,查询Anti-DDoS配置可选范围,0
Anti-DDoS流量清洗,服务使用方法,1
Anti-DDoS流量清洗,修订记录,1
Anti-DDoS流量清洗,Anti-DDoS能帮助阻止哪些类型的攻击？,0
Anti-DDoS流量清洗,示例代码,1
Anti-DDoS流量清洗,资料下载,1
Anti-DDoS流量清洗,Token认证,1
Anti-DDoS流量清洗,Token认证,1
Anti-DDoS流量清洗,Token认证,1
Anti-DDoS流量清洗,错误码说明,1
Anti-DDoS流量清洗,常见问题,1
Anti-DDoS流量清洗,查询告警配置信息,1
Anti-DDoS流量清洗,查询告警配置信息,1
Anti-DDoS流量清洗,查询告警配置信息,1
Anti-DDoS流量清洗,查询告警配置信息,1
Anti-DDoS流量清洗,查询告警配置信息,1
Anti-DDoS流量清洗,查询告警配置信息,1
Anti-DDoS流量清洗,查询指定EIP防护流量,1
Anti-DDoS流量清洗,查询指定EIP防护流量,1
Anti-DDoS流量清洗,查询指定EIP防护流量,1
Anti-DDoS流量清洗,查询指定EIP防护流量,1
Anti-DDoS流量清洗,查询指定EIP防护流量,1
Anti-DDoS流量清洗,查询指定EIP防护流量,1
Anti-DDoS流量清洗,请求认证方式,1
Anti-DDoS流量清洗,Anti-DDoS有何使用限制？,0
Anti-DDoS流量清洗,请求方法,1
Anti-DDoS流量清洗,请求签名流程,1
Anti-DDoS流量清洗,请求签名流程,1
Anti-DDoS流量清洗,请求签名流程,1
Anti-DDoS流量清洗,关闭Anti-DDoS服务,0
Anti-DDoS流量清洗,关闭Anti-DDoS服务,0
Anti-DDoS流量清洗,关闭Anti-DDoS服务,0
Anti-DDoS流量清洗,关闭Anti-DDoS服务,0
Anti-DDoS流量清洗,关闭Anti-DDoS服务,0
Anti-DDoS流量清洗,关闭Anti-DDoS服务,0
Anti-DDoS流量清洗,Anti-DDoSAPI接口,0
Anti-DDoS流量清洗,产品术语,1
Anti-DDoS流量清洗,产品术语,0
Anti-DDoS流量清洗,产品术语,0
Anti-DDoS流量清洗,产品术语,0
Anti-DDoS流量清洗,产品术语,0
Anti-DDoS流量清洗,产品术语,0
Anti-DDoS流量清洗,产品术语,0
Anti-DDoS流量清洗,查询EIP防护状态列表,1
Anti-DDoS流量清洗,查询EIP防护状态列表,1
Anti-DDoS流量清洗,查询EIP防护状态列表,1
Anti-DDoS流量清洗,查询EIP防护状态列表,1
Anti-DDoS流量清洗,查询EIP防护状态列表,1
Anti-DDoS流量清洗,查询EIP防护状态列表,1
Anti-DDoS流量清洗,,1
Anti-DDoS流量清洗,获取项目编号,1
Anti-DDoS流量清洗,哪些服务可以使用Anti-DDoS？,0
Anti-DDoS流量清洗,更新Anti-DDoS服务,0
Anti-DDoS流量清洗,更新Anti-DDoS服务,0
Anti-DDoS流量清洗,更新Anti-DDoS服务,0
Anti-DDoS流量清洗,更新Anti-DDoS服务,0
Anti-DDoS流量清洗,更新Anti-DDoS服务,0
Anti-DDoS流量清洗,更新Anti-DDoS服务,0
Anti-DDoS流量清洗,如何使用Anti-DDoS？,0
Anti-DDoS流量清洗,公共消息头,1
Anti-DDoS流量清洗,查询Anti-DDoS服务,0
Anti-DDoS流量清洗,查询Anti-DDoS服务,0
Anti-DDoS流量清洗,查询Anti-DDoS服务,0
Anti-DDoS流量清洗,查询Anti-DDoS服务,0
Anti-DDoS流量清洗,查询Anti-DDoS服务,0
Anti-DDoS流量清洗,查询Anti-DDoS服务,0
Anti-DDoS流量清洗,查询指定EIP异常事件,1
Anti-DDoS流量清洗,查询指定EIP异常事件,1
Anti-DDoS流量清洗,查询指定EIP异常事件,1
Anti-DDoS流量清洗,查询指定EIP异常事件,1
Anti-DDoS流量清洗,查询指定EIP异常事件,1
Anti-DDoS流量清洗,查询指定EIP异常事件,1
Anti-DDoS流量清洗,查询指定EIP防护状态,1
Anti-DDoS流量清洗,查询指定EIP防护状态,1
Anti-DDoS流量清洗,查询指定EIP防护状态,1
Anti-DDoS流量清洗,查询指定EIP防护状态,1
Anti-DDoS流量清洗,查询指定EIP防护状态,1
Anti-DDoS流量清洗,查询指定EIP防护状态,1
Anti-DDoS流量清洗,附录,1
Anti-DDoS流量清洗,生成AK、SK,1
Anti-DDoS流量清洗,接口调用方法,1
Anti-DDoS流量清洗,公共响应消息头,1
Anti-DDoS流量清洗,AK/SK认证,1
Anti-DDoS流量清洗,公共请求消息头,1
什么是Anti-DDoS流量清洗？,,1
告警提醒API接口,,1
通用请求返回值,,1
攻击事件能否及时通知？,,1
开通Anti-DDoS服务,,1
开通Anti-DDoS服务,功能介绍,1
开通Anti-DDoS服务,URI,1
开通Anti-DDoS服务,请求,1
开通Anti-DDoS服务,响应,1
开通Anti-DDoS服务,返回值,1
查询Anti-DDoS任务,,1
查询Anti-DDoS任务,功能介绍,1
查询Anti-DDoS任务,URI,1
查询Anti-DDoS任务,请求,1
查询Anti-DDoS任务,响应,1
查询Anti-DDoS任务,返回值,1
查询周防护统计情况,,1
查询周防护统计情况,功能介绍,1
查询周防护统计情况,URI,1
查询周防护统计情况,请求,1
查询周防护统计情况,响应,1
查询周防护统计情况,返回值,1
查询Anti-DDoS配置可选范围,,1
查询Anti-DDoS配置可选范围,功能介绍,1
查询Anti-DDoS配置可选范围,URI,1
查询Anti-DDoS配置可选范围,请求,1
查询Anti-DDoS配置可选范围,响应,1
查询Anti-DDoS配置可选范围,返回值,1
服务使用方法,,1
修订记录,,1
Anti-DDoS能帮助阻止哪些类型的攻击？,,1
示例代码,,1
资料下载,,1
Token认证,,1
Token认证,应用场景,1
Token认证,调用接口步骤,1
错误码说明,,1
常见问题,,1
查询告警配置信息,,1
查询告警配置信息,功能介绍,1
查询告警配置信息,URI,1
查询告警配置信息,请求,1
查询告警配置信息,响应,1
查询告警配置信息,返回值,1
查询指定EIP防护流量,,1
查询指定EIP防护流量,功能介绍,1
查询指定EIP防护流量,URI,1
查询指定EIP防护流量,请求,1
查询指定EIP防护流量,响应,1
查询指定EIP防护流量,返回值,1
请求认证方式,,1
Anti-DDoS有何使用限制？,,1
请求方法,,1
请求签名流程,,1
请求签名流程,签名前的准备,1
请求签名流程,签名过程,1
关闭Anti-DDoS服务,,1
关闭Anti-DDoS服务,功能介绍,1
关闭Anti-DDoS服务,URI,1
关闭Anti-DDoS服务,请求,1
关闭Anti-DDoS服务,响应,1
关闭Anti-DDoS服务,返回值,1
Anti-DDoSAPI接口,,1
产品术语,,1
产品术语,ACK Flood,0
产品术语,Anti-DDoS,0
产品术语,CC Attack,0
产品术语,DDoS Attack,0
产品术语,SYN Flood,0
产品术语,UDP Flood,0
查询EIP防护状态列表,,1
查询EIP防护状态列表,功能介绍,1
查询EIP防护状态列表,URI,1
查询EIP防护状态列表,请求,1
查询EIP防护状态列表,响应,1
查询EIP防护状态列表,返回值,1
,,
获取项目编号,,1
哪些服务可以使用Anti-DDoS？,,1
更新Anti-DDoS服务,,1
更新Anti-DDoS服务,功能介绍,1
更新Anti-DDoS服务,URI,1
更新Anti-DDoS服务,请求,1
更新Anti-DDoS服务,响应,1
更新Anti-DDoS服务,返回值,1
如何使用Anti-DDoS？,,1
公共消息头,,1
查询Anti-DDoS服务,,1
查询Anti-DDoS服务,功能介绍,1
查询Anti-DDoS服务,URI,1
查询Anti-DDoS服务,请求,1
查询Anti-DDoS服务,响应,1
查询Anti-DDoS服务,返回值,1
查询指定EIP异常事件,,1
查询指定EIP异常事件,功能介绍,1
查询指定EIP异常事件,URI,1
查询指定EIP异常事件,请求,1
查询指定EIP异常事件,响应,1
查询指定EIP异常事件,返回值,1
查询指定EIP防护状态,,1
查询指定EIP防护状态,功能介绍,1
查询指定EIP防护状态,URI,1
查询指定EIP防护状态,请求,1
查询指定EIP防护状态,响应,1
查询指定EIP防护状态,返回值,1
附录,,1
生成AK、SK,,1
接口调用方法,,1
公共响应消息头,,1
AK/SK认证,,1
公共请求消息头,,1
MapReduce服务,MRS是否支持变更MRS集群节点？,1
MapReduce服务,修订记录,1
MapReduce服务,终止集群,1
MapReduce服务,终止集群,1
MapReduce服务,终止集群,1
MapReduce服务,终止集群,1
MapReduce服务,终止集群,1
MapReduce服务,终止集群,1
MapReduce服务,创建集群并执行作业,1
MapReduce服务,创建集群并执行作业,1
MapReduce服务,创建集群并执行作业,1
MapReduce服务,创建集群并执行作业,1
MapReduce服务,创建集群并执行作业,1
MapReduce服务,创建集群并执行作业,1
MapReduce服务,MRS支持哪些作业类型？,1
MapReduce服务,Spark集群能访问OBS中的数据吗？,1
MapReduce服务,概述,1
MapReduce服务,公共响应消息头,1
MapReduce服务,查询集群列表,1
MapReduce服务,查询集群列表,1
MapReduce服务,查询集群列表,1
MapReduce服务,查询集群列表,1
MapReduce服务,查询集群列表,1
MapReduce服务,查询集群列表,1
MapReduce服务,发起请求,1
MapReduce服务,查询作业exe对象列表,1
MapReduce服务,查询作业exe对象列表,1
MapReduce服务,查询作业exe对象列表,1
MapReduce服务,查询作业exe对象列表,1
MapReduce服务,查询作业exe对象列表,1
MapReduce服务,查询作业exe对象列表,1
MapReduce服务,新增作业并执行,1
MapReduce服务,新增作业并执行,1
MapReduce服务,新增作业并执行,1
MapReduce服务,新增作业并执行,1
MapReduce服务,新增作业并执行,1
MapReduce服务,新增作业并执行,1
MapReduce服务,首次购买集群,1
MapReduce服务,首次购买集群,1
MapReduce服务,资料下载,1
MapReduce服务,MRS是什么？,1
MapReduce服务,查询集群详情,1
MapReduce服务,查询集群详情,1
MapReduce服务,查询集群详情,1
MapReduce服务,查询集群详情,1
MapReduce服务,查询集群详情,1
MapReduce服务,查询集群详情,1
MapReduce服务,常见问题,1
MapReduce服务,Token认证,1
MapReduce服务,Token认证,1
MapReduce服务,Token认证,1
MapReduce服务,MRS有哪些特点和优势？,1
MapReduce服务,状态码,1
MapReduce服务,示例代码,1
MapReduce服务,查询作业exe对象详情,1
MapReduce服务,查询作业exe对象详情,1
MapReduce服务,查询作业exe对象详情,1
MapReduce服务,查询作业exe对象详情,1
MapReduce服务,查询作业exe对象详情,1
MapReduce服务,查询作业exe对象详情,1
MapReduce服务,接口使用方法,1
MapReduce服务,生成AK/SK,1
MapReduce服务,生成AK/SK,1
MapReduce服务,作业对象接口,1
MapReduce服务,解析响应消息,1
MapReduce服务,解析响应消息,1
MapReduce服务,解析响应消息,1
MapReduce服务,解析响应消息,1
MapReduce服务,如何使用MRS？,0
MapReduce服务,常见问题,1
MapReduce服务,常见问题,1
MapReduce服务,获取请求认证,1
MapReduce服务,如何将用户程序提交到MRS中？,0
MapReduce服务,购买MRS集群,1
MapReduce服务,扩容集群,1
MapReduce服务,扩容集群,1
MapReduce服务,扩容集群,1
MapReduce服务,MRS可以做什么？,1
MapReduce服务,价格体系,1
MapReduce服务,MRS当前支持哪些组件？,1
MapReduce服务,MRS支持什么类型的分布式存储？,1
MapReduce服务,AK/SK认证,1
MapReduce服务,公共消息头,1
MapReduce服务,作业执行对象接口,1
MapReduce服务,扩容集群节点,1
MapReduce服务,扩容集群节点,1
MapReduce服务,扩容集群节点,1
MapReduce服务,扩容集群节点,1
MapReduce服务,扩容集群节点,1
MapReduce服务,扩容集群节点,1
MapReduce服务,数据存储在OBS和HDFS有什么区别？,1
MapReduce服务,MRS如何收费？,1
MapReduce服务,MRS当前支持哪些规格主机？,1
MapReduce服务,产品术语,1
MapReduce服务,产品术语,1
MapReduce服务,产品术语,1
MapReduce服务,产品术语,1
MapReduce服务,产品术语,1
MapReduce服务,产品术语,1
MapReduce服务,产品术语,1
MapReduce服务,产品术语,1
MapReduce服务,产品术语,1
MapReduce服务,产品术语,1
MapReduce服务,产品术语,1
MapReduce服务,产品术语,1
MapReduce服务,产品术语,1
MapReduce服务,产品术语,1
MapReduce服务,产品术语,1
MapReduce服务,产品术语,1
MapReduce服务,产品术语,1
MapReduce服务,产品术语,1
MRS是否支持变更MRS集群节点？,,1
修订记录,,1
终止集群,,1
终止集群,功能介绍,1
终止集群,URI,1
终止集群,请求,1
终止集群,响应,1
终止集群,状态码,1
创建集群并执行作业,,1
创建集群并执行作业,功能介绍,1
创建集群并执行作业,URI,1
创建集群并执行作业,请求消息,1
创建集群并执行作业,响应,1
创建集群并执行作业,状态码,1
MRS支持哪些作业类型？,,1
Spark集群能访问OBS中的数据吗？,,1
概述,,1
公共响应消息头,,1
查询集群列表,,1
查询集群列表,功能介绍,1
查询集群列表,URI,1
查询集群列表,请求,1
查询集群列表,响应,1
查询集群列表,状态码,1
发起请求,,1
查询作业exe对象列表,,1
查询作业exe对象列表,功能介绍,1
查询作业exe对象列表,URI,1
查询作业exe对象列表,请求,1
查询作业exe对象列表,响应,1
查询作业exe对象列表,状态码,1
新增作业并执行,,1
新增作业并执行,功能介绍,1
新增作业并执行,URI,1
新增作业并执行,请求,1
新增作业并执行,响应,1
新增作业并执行,状态码,1
首次购买集群,,1
首次购买集群,操作步骤,1
资料下载,,1
MRS是什么？,,1
查询集群详情,,1
查询集群详情,功能介绍,1
查询集群详情,URI,1
查询集群详情,请求,1
查询集群详情,响应,1
查询集群详情,状态码,1
常见问题,,1
Token认证,,1
Token认证,应用场景,1
Token认证,调用接口步骤,1
MRS有哪些特点和优势？,,1
状态码,,1
示例代码,,1
查询作业exe对象详情,,1
查询作业exe对象详情,功能介绍,1
查询作业exe对象详情,URI,1
查询作业exe对象详情,请求,1
查询作业exe对象详情,响应,1
查询作业exe对象详情,状态码,1
接口使用方法,,1
生成AK/SK,,1
生成AK/SK,操作步骤,1
作业对象接口,,1
解析响应消息,,1
解析响应消息,状态行,1
解析响应消息,响应消息头,1
解析响应消息,响应消息体,1
如何使用MRS？,,1
常见问题,,1
常见问题,,1
获取请求认证,,1
如何将用户程序提交到MRS中？,,1
购买MRS集群,,1
扩容集群,,1
扩容集群,操作场景,1
扩容集群,操作步骤,1
MRS可以做什么？,,1
价格体系,,1
MRS当前支持哪些组件？,,1
MRS支持什么类型的分布式存储？,,1
AK/SK认证,,1
公共消息头,,1
作业执行对象接口,,1
扩容集群节点,,1
扩容集群节点,功能介绍,1
扩容集群节点,URI,1
扩容集群节点,请求,1
扩容集群节点,响应,1
扩容集群节点,状态码,1
数据存储在OBS和HDFS有什么区别？,,1
MRS如何收费？,,1
MRS当前支持哪些规格主机？,,1
产品术语,,1
产品术语,ACL,1
产品术语,AM,1
产品术语,CAS,1
产品术语,DDL,1
产品术语,DML,1
产品术语,DN,1
产品术语,FTP,1
产品术语,FTPS,1
产品术语,HA,1
产品术语,HiveQL,1
产品术语,MRS,1
产品术语,NM,1
产品术语,NN,1
产品术语,RDD,1
产品术语,RM,1
产品术语,RS,1
产品术语,WAL,1
多维交互分析服务,获取日志列表,1
多维交互分析服务,获取日志列表,1
多维交互分析服务,获取日志列表,1
多维交互分析服务,获取日志列表,1
多维交互分析服务,获取日志列表,1
多维交互分析服务,获取日志列表,1
多维交互分析服务,M-OLAP与Spark什么关系？,1
多维交互分析服务,使用准备,1
多维交互分析服务,新建文件夹,1
多维交互分析服务,新建文件夹,1
多维交互分析服务,新建文件夹,1
多维交互分析服务,新建文件夹,1
多维交互分析服务,新建文件夹,1
多维交互分析服务,新建文件夹,1
多维交互分析服务,接口定义,1
多维交互分析服务,接口定义,1
多维交互分析服务,接口定义,1
多维交互分析服务,M-OLAP是否只能提交M-OLAP语句？,1
多维交互分析服务,快速开始,1
多维交互分析服务,快速开始,1
多维交互分析服务,快速开始,1
多维交互分析服务,扩容集群节点,1
多维交互分析服务,扩容集群节点,1
多维交互分析服务,扩容集群节点,1
多维交互分析服务,扩容集群节点,1
多维交互分析服务,扩容集群节点,1
多维交互分析服务,扩容集群节点,1
多维交互分析服务,,1
多维交互分析服务,为什么对decimal数据类型进行带过滤条件的查询时会出现异常输出？,0
多维交互分析服务,获取集群列表,1
多维交互分析服务,获取集群列表,1
多维交互分析服务,获取集群列表,1
多维交互分析服务,获取集群列表,1
多维交互分析服务,获取集群列表,1
多维交互分析服务,获取集群列表,1
多维交互分析服务,获取作业状态统计信息,1
多维交互分析服务,获取作业状态统计信息,1
多维交互分析服务,获取作业状态统计信息,1
多维交互分析服务,获取作业状态统计信息,1
多维交互分析服务,获取作业状态统计信息,1
多维交互分析服务,获取作业状态统计信息,1
多维交互分析服务,新增作业,1
多维交互分析服务,新增作业,1
多维交互分析服务,新增作业,1
多维交互分析服务,新增作业,1
多维交互分析服务,新增作业,1
多维交互分析服务,新增作业,1
多维交互分析服务,查看集群补丁信息,1
多维交互分析服务,查看集群补丁信息,1
多维交互分析服务,查看集群补丁信息,1
多维交互分析服务,查看集群补丁信息,1
多维交互分析服务,查看集群补丁信息,1
多维交互分析服务,查看集群补丁信息,1
多维交互分析服务,获取作业列表,1
多维交互分析服务,获取作业列表,1
多维交互分析服务,获取作业列表,1
多维交互分析服务,获取作业列表,1
多维交互分析服务,获取作业列表,1
多维交互分析服务,获取作业列表,1
多维交互分析服务,响应消息头,1
多维交互分析服务,查看作业详情,1
多维交互分析服务,查看作业详情,1
多维交互分析服务,查看作业详情,1
多维交互分析服务,查看作业详情,1
多维交互分析服务,查看作业详情,1
多维交互分析服务,查看作业详情,1
多维交互分析服务,导入导出数据,1
多维交互分析服务,API规范定义,1
多维交互分析服务,API规范定义,1
多维交互分析服务,API规范定义,1
多维交互分析服务,API规范定义,1
多维交互分析服务,API规范定义,1
多维交互分析服务,API规范定义,1
多维交互分析服务,API规范定义,1
多维交互分析服务,获取VPC,1
多维交互分析服务,获取VPC,1
多维交互分析服务,获取VPC,1
多维交互分析服务,获取VPC,1
多维交互分析服务,获取VPC,1
多维交互分析服务,获取VPC,1
多维交互分析服务,创建集群,1
多维交互分析服务,创建集群,1
多维交互分析服务,创建集群,1
多维交互分析服务,创建集群,1
多维交互分析服务,创建集群,1
多维交互分析服务,创建集群,1
多维交互分析服务,常见问题,1
多维交互分析服务,API使用流程简介,1
多维交互分析服务,为什么DDL命令在Beeling中执行失败？,0
多维交互分析服务,提交语句失败如何定位？,1
多维交互分析服务,M-OLAP是什么？,1
多维交互分析服务,获取集群主机列表,1
多维交互分析服务,获取集群主机列表,1
多维交互分析服务,获取集群主机列表,1
多维交互分析服务,获取集群主机列表,1
多维交互分析服务,获取集群主机列表,1
多维交互分析服务,获取集群主机列表,1
多维交互分析服务,M-OLAP简介,1
多维交互分析服务,M-OLAP简介,1
多维交互分析服务,M-OLAP简介,1
多维交互分析服务,M-OLAP简介,1
获取日志列表,,1
获取日志列表,功能介绍,1
获取日志列表,URL,1
获取日志列表,请求,1
获取日志列表,响应,1
获取日志列表,响应码,1
M-OLAP与Spark什么关系？,,1
使用准备,,1
新建文件夹,,1
新建文件夹,功能介绍,1
新建文件夹,URL,1
新建文件夹,请求,1
新建文件夹,响应,1
新建文件夹,响应码,1
接口定义,,1
接口定义,请求方法,1
接口定义,日期与时间规范,1
M-OLAP是否只能提交M-OLAP语句？,,1
快速开始,,1
快速开始,应用程序实例,1
快速开始,应用程序实现,1
扩容集群节点,,1
扩容集群节点,功能介绍,1
扩容集群节点,URL,1
扩容集群节点,请求,1
扩容集群节点,响应,1
扩容集群节点,响应码,1
,,
为什么对decimal数据类型进行带过滤条件的查询时会出现异常输出？,,1
获取集群列表,,1
获取集群列表,功能介绍,1
获取集群列表,URL,1
获取集群列表,请求,1
获取集群列表,响应,1
获取集群列表,响应码,1
获取作业状态统计信息,,1
获取作业状态统计信息,功能介绍,1
获取作业状态统计信息,URL,1
获取作业状态统计信息,请求,1
获取作业状态统计信息,响应,1
获取作业状态统计信息,响应码,1
新增作业,,1
新增作业,功能介绍,1
新增作业,URL,1
新增作业,请求,1
新增作业,响应,1
新增作业,响应码,1
查看集群补丁信息,,1
查看集群补丁信息,功能介绍,1
查看集群补丁信息,URL,1
查看集群补丁信息,请求,1
查看集群补丁信息,响应,1
查看集群补丁信息,响应码,1
获取作业列表,,1
获取作业列表,功能介绍,1
获取作业列表,URL,1
获取作业列表,请求,1
获取作业列表,响应,1
获取作业列表,响应码,1
响应消息头,,1
查看作业详情,,1
查看作业详情,功能介绍,1
查看作业详情,URL,1
查看作业详情,请求,1
查看作业详情,响应,1
查看作业详情,响应码,1
导入导出数据,,1
API规范定义,,1
API规范定义,接口适用范围,1
API规范定义,接口特性概述,1
API规范定义,接口设计原则,1
API规范定义,传输协议（Transport Protocol）,1
API规范定义,媒体类型（Media Types）,1
API规范定义,缩略语,1
获取VPC,,1
获取VPC,功能介绍,1
获取VPC,URL,1
获取VPC,请求,1
获取VPC,响应,1
获取VPC,响应码,1
创建集群,,1
创建集群,功能介绍,1
创建集群,URL,1
创建集群,请求,1
创建集群,响应,1
创建集群,响应码,1
常见问题,,1
API使用流程简介,,1
为什么DDL命令在Beeling中执行失败？,,1
提交语句失败如何定位？,,1
M-OLAP是什么？,,1
获取集群主机列表,,1
获取集群主机列表,功能介绍,1
获取集群主机列表,URL,1
获取集群主机列表,请求,1
获取集群主机列表,响应,1
获取集群主机列表,响应码,1
M-OLAP简介,,1
M-OLAP简介,M-OLAP结构,0
M-OLAP简介,M-OLAP特性,0
M-OLAP简介,M-OLAP关键技术和优势,0
会议,调试运行,1
会议,Step8调试运行,0
会议,Android,0
会议,删除业务包信息,1
会议,删除业务包信息,1
会议,删除业务包信息,1
会议,删除业务包信息,1
会议,删除业务包信息,1
会议,编写代码,1
会议,编写代码,1
会议,编写代码,0
会议,回收企业号码到服务提供商,1
会议,回收企业号码到服务提供商,0
会议,回收企业号码到服务提供商,0
会议,回收企业号码到服务提供商,0
会议,回收企业号码到服务提供商,0
会议,客户端初次使用如何配置？,0
会议,HelloWorld,1
会议,日志分析,1
会议,日志分析,0
会议,日志分析,1
会议,服务端REST,1
会议,Step1开发环境准备,1
会议,Step1开发环境准备,1
会议,Step1开发环境准备,0
会议,鉴权和登录初始化,1
会议,鉴权和登录初始化,0
会议,鉴权和登录初始化,1
会议,鉴权和登录初始化,1
会议,鉴权和登录初始化,1
会议,修改业务包信息,1
会议,修改业务包信息,0
会议,修改业务包信息,0
会议,修改业务包信息,0
会议,修改业务包信息,0
会议,聊天,0
会议,聊天,0
会议,聊天,0
会议,聊天,0
会议,聊天,0
会议,标注,0
会议,新手入门,1
会议,鉴权登录,1
会议,鉴权登录,0
会议,鉴权登录,0
会议,鉴权登录,0
会议,鉴权登录,0
会议,设备管理,1
会议,设备管理,0
会议,设备管理,0
会议,设备管理,0
会议,设备管理,0
会议,TokenPanel.java文件源码,1
会议,附录,1
会议,数据协作,1
会议,预约会议,0
会议,预约会议,0
会议,预约会议,0
会议,预约会议,0
会议,预约会议,0
会议,渐进式会议,0
会议,音视频会议业务初始化,0
会议,音视频会议业务初始化,0
会议,音视频会议业务初始化,0
会议,音视频会议业务初始化,0
会议,音视频会议业务初始化,0
会议,二次开发流程,1
会议,注销登录,1
会议,注销登录,0
会议,注销登录,0
会议,注销登录,0
会议,注销登录,0
会议,分页查询企业号码,1
会议,分页查询企业号码,0
会议,分页查询企业号码,0
会议,分页查询企业号码,0
会议,分页查询企业号码,0
会议,鉴权登录,1
会议,鉴权登录,0
会议,鉴权登录,0
会议,鉴权登录,0
会议,鉴权登录,0
会议,刷新Token,1
会议,刷新Token,0
会议,刷新Token,0
会议,刷新Token,0
会议,刷新Token,0
会议,概述,1
会议,概述,1
会议,音视频业务初始化,1
会议,音视频业务初始化,0
会议,音视频业务初始化,0
会议,音视频业务初始化,0
会议,音视频业务初始化,0
会议,如何找回会议用户密码？,0
会议,概述,1
会议,如何获取客户端安装包？,0
会议,开发实现,0
会议,查询企业,1
会议,查询企业,1
会议,查询企业,1
会议,查询企业,1
会议,查询企业,1
会议,开发环境准备,1
会议,开发环境准备,0
会议,开发环境准备,0
调试运行,,1
Step8调试运行,,1
Android,,1
删除业务包信息,,1
删除业务包信息,注意事项,1
删除业务包信息,接口说明,1
删除业务包信息,参数描述,1
删除业务包信息,示例,1
编写代码,,1
编写代码,总体结构,1
编写代码,代码参考,1
回收企业号码到服务提供商,,1
回收企业号码到服务提供商,注意事项,1
回收企业号码到服务提供商,接口说明,1
回收企业号码到服务提供商,参数描述,1
回收企业号码到服务提供商,示例,1
客户端初次使用如何配置？,,1
HelloWorld,,0
日志分析,,1
日志分析,获取日志,1
日志分析,日志分析,0
服务端REST,,
Step1开发环境准备,,1
Step1开发环境准备,获取软件及文档,0
Step1开发环境准备,SDK软件包,1
鉴权和登录初始化,,1
鉴权和登录初始化,应用场景,1
鉴权和登录初始化,前提条件,1
鉴权和登录初始化,流程说明,1
鉴权和登录初始化,注意事项,1
修改业务包信息,,1
修改业务包信息,注意事项,1
修改业务包信息,接口说明,1
修改业务包信息,参数描述,1
修改业务包信息,示例,1
聊天,,1
聊天,应用场景,1
聊天,前提条件,1
聊天,流程说明,1
聊天,注意事项,1
标注,,1
新手入门,,1
鉴权登录,,
鉴权登录,应用场景,1
鉴权登录,前提条件,1
鉴权登录,流程说明,1
鉴权登录,注意事项,1
设备管理,,1
设备管理,应用场景,1
设备管理,前提条件,1
设备管理,流程说明,1
设备管理,注意事项,1
TokenPanel.java文件源码,,1
附录,,1
数据协作,,1
预约会议,,1
预约会议,注意事项,1
预约会议,接口说明,1
预约会议,参数描述,1
预约会议,示例,1
渐进式会议,,1
音视频会议业务初始化,,1
音视频会议业务初始化,应用场景,1
音视频会议业务初始化,前提条件,1
音视频会议业务初始化,流程说明,1
音视频会议业务初始化,注意事项,1
二次开发流程,,1
注销登录,,1
注销登录,注意事项,1
注销登录,接口说明,1
注销登录,参数描述,1
注销登录,示例,1
分页查询企业号码,,1
分页查询企业号码,注意事项,1
分页查询企业号码,接口说明,1
分页查询企业号码,参数描述,1
分页查询企业号码,示例,1
鉴权登录,,1
鉴权登录,应用场景,1
鉴权登录,前提条件,1
鉴权登录,流程说明,1
鉴权登录,注意事项,1
刷新Token,,1
刷新Token,注意事项,1
刷新Token,接口说明,1
刷新Token,参数描述,1
刷新Token,示例,1
概述,,1
概述,,1
音视频业务初始化,,1
音视频业务初始化,应用场景,1
音视频业务初始化,前提条件,1
音视频业务初始化,流程说明,1
音视频业务初始化,注意事项,1
如何找回会议用户密码？,,1
概述,,1
如何获取客户端安装包？,,1
开发实现,,1
查询企业,,1
查询企业,注意事项,1
查询企业,接口说明,1
查询企业,参数描述,1
查询企业,示例,1
开发环境准备,,1
开发环境准备,开发工具,1
开发环境准备,SDK软件包,1
镜像服务,如果系统磁盘容量填写错误怎么办？,0
镜像服务,公共消息头,1
镜像服务,镜像视图,0
镜像服务,镜像视图,0
镜像服务,镜像视图,0
镜像服务,附录,1
镜像服务,通过外部镜像文件创建私有镜像过程中，用户选择或系统识别的镜像文件操作系统类型与实际不一致会造成什么影响？,0
镜像服务,批量删除镜像成员,1
镜像服务,批量删除镜像成员,1
镜像服务,批量删除镜像成员,1
镜像服务,批量删除镜像成员,1
镜像服务,批量删除镜像成员,1
镜像服务,生成AK、SK,1
镜像服务,获取镜像成员详情,1
镜像服务,获取镜像成员详情,1
镜像服务,获取镜像成员详情,1
镜像服务,获取镜像成员详情,1
镜像服务,获取镜像成员详情,1
镜像服务,使用外部镜像文件创建私有镜像所创建的云服务器在启动过程中提示找不到分区，如何处理？,0
镜像服务,如何将非加密镜像修改为加密镜像？,0
镜像服务,注册的镜像操作系统是CentOS类型，使用该镜像创建的云服务器找不到磁盘该如何处理？,0
镜像服务,导出镜像,1
镜像服务,导出镜像,1
镜像服务,导出镜像,1
镜像服务,导出镜像,1
镜像服务,导出镜像,1
镜像服务,导出镜像,1
镜像服务,资料下载,1
镜像服务,一个帐号最多可以创建多少个私有镜像？,0
镜像服务,批量更新镜像成员状态,1
镜像服务,批量更新镜像成员状态,1
镜像服务,批量更新镜像成员状态,1
镜像服务,批量更新镜像成员状态,1
镜像服务,批量更新镜像成员状态,1
镜像服务,镜像复制,1
镜像服务,通过镜像文件注册私有镜像过程中，系统会对镜像做哪些修改？,0
镜像服务,为什么VHD格式的镜像上传失败，任务中心查看报错为外部镜像文件的系统盘容量大于用户设置的系统磁盘容量?,0
镜像服务,增加标签,1
镜像服务,增加标签,1
镜像服务,增加标签,1
镜像服务,增加标签,1
镜像服务,增加标签,1
镜像服务,增加标签,1
镜像服务,没有对云服务器进行相关预置操作会带来什么影响？,0
镜像服务,请求签名流程,1
镜像服务,请求签名流程,0
镜像服务,请求签名流程,1
镜像服务,没有我要的操作系统镜像，怎么办？,0
镜像服务,通过外部镜像文件制作私有镜像过程中，需要对镜像完成哪些初始化配置？,0
镜像服务,接口调用方法,1
镜像服务,公共请求消息头,1
镜像服务,服务使用方法,1
镜像服务,AK/SK认证,1
镜像服务,异步任务查询,1
镜像服务,异步任务查询,1
镜像服务,异步任务查询,1
镜像服务,异步任务查询,1
镜像服务,异步任务查询,1
镜像服务,异步任务查询,1
镜像服务,制作镜像,1
镜像服务,制作镜像,1
镜像服务,制作镜像,1
镜像服务,制作镜像,1
镜像服务,制作镜像,1
镜像服务,制作镜像,1
镜像服务,查询镜像成员视图（OpenStack原生）,1
镜像服务,查询镜像成员视图（OpenStack原生）,1
镜像服务,查询镜像成员视图（OpenStack原生）,1
镜像服务,查询镜像成员视图（OpenStack原生）,1
镜像服务,查询镜像成员视图（OpenStack原生）,1
镜像服务,查询镜像成员视图（OpenStack原生）,1
镜像服务,更新镜像信息,1
镜像服务,更新镜像信息,1
镜像服务,更新镜像信息,1
镜像服务,更新镜像信息,1
镜像服务,更新镜像信息,1
镜像服务,更新镜像信息,1
镜像服务,请求认证方式,1
镜像服务,镜像,1
镜像服务,镜像,1
镜像服务,镜像,1
镜像服务,镜像的计费标准是什么？,0
镜像服务,基于云服务器制作镜像是免费的吗？,0
镜像服务,镜像共享,1
镜像服务,镜像共享,1
镜像服务,镜像共享,1
镜像服务,常见问题,1
镜像服务,请求方法,1
镜像服务,除了文档中支持的镜像格式类型，我可以使用其他镜像格式？,0
镜像服务,查询镜像成员列表视图（OpenStack原生）,1
镜像服务,查询镜像成员列表视图（OpenStack原生）,1
镜像服务,查询镜像成员列表视图（OpenStack原生）,1
镜像服务,查询镜像成员列表视图（OpenStack原生）,1
镜像服务,查询镜像成员列表视图（OpenStack原生）,1
镜像服务,查询镜像成员列表视图（OpenStack原生）,1
如果系统磁盘容量填写错误怎么办？,,1
公共消息头,,1
镜像视图,,1
镜像视图,概念,1
镜像视图,视图属性,1
附录,,1
通过外部镜像文件创建私有镜像过程中，用户选择或系统识别的镜像文件操作系统类型与实际不一致会造成什么影响？,,1
批量删除镜像成员,,1
批量删除镜像成员,功能介绍,1
批量删除镜像成员,URI,1
批量删除镜像成员,请求,1
批量删除镜像成员,响应,1
生成AK、SK,,1
获取镜像成员详情,,1
获取镜像成员详情,功能介绍,1
获取镜像成员详情,URI,1
获取镜像成员详情,请求,1
获取镜像成员详情,响应,1
使用外部镜像文件创建私有镜像所创建的云服务器在启动过程中提示找不到分区，如何处理？,,1
如何将非加密镜像修改为加密镜像？,,1
注册的镜像操作系统是CentOS类型，使用该镜像创建的云服务器找不到磁盘该如何处理？,,1
导出镜像,,1
导出镜像,功能介绍,1
导出镜像,URI,1
导出镜像,请求,1
导出镜像,响应,1
导出镜像,返回值,1
资料下载,,1
一个帐号最多可以创建多少个私有镜像？,,1
批量更新镜像成员状态,,1
批量更新镜像成员状态,功能介绍,1
批量更新镜像成员状态,URI,1
批量更新镜像成员状态,请求,1
批量更新镜像成员状态,响应,1
镜像复制,,1
通过镜像文件注册私有镜像过程中，系统会对镜像做哪些修改？,,1
为什么VHD格式的镜像上传失败，任务中心查看报错为外部镜像文件的系统盘容量大于用户设置的系统磁盘容量?,,1
增加标签,,1
增加标签,功能介绍,1
增加标签,URI,1
增加标签,请求,1
增加标签,响应,1
增加标签,返回值,1
没有对云服务器进行相关预置操作会带来什么影响？,,1
请求签名流程,,1
请求签名流程,签名前的准备,1
请求签名流程,签名过程,1
没有我要的操作系统镜像，怎么办？,,1
通过外部镜像文件制作私有镜像过程中，需要对镜像完成哪些初始化配置？,,1
接口调用方法,,1
公共请求消息头,,1
服务使用方法,,1
AK/SK认证,,1
异步任务查询,,1
异步任务查询,功能介绍,1
异步任务查询,URI,1
异步任务查询,请求,1
异步任务查询,响应,1
异步任务查询,返回值,1
制作镜像,,1
制作镜像,功能介绍,1
制作镜像,URI,1
制作镜像,请求,1
制作镜像,响应,1
制作镜像,返回值,1
查询镜像成员视图（OpenStack原生）,,1
查询镜像成员视图（OpenStack原生）,功能介绍,1
查询镜像成员视图（OpenStack原生）,URI,1
查询镜像成员视图（OpenStack原生）,请求,1
查询镜像成员视图（OpenStack原生）,响应,1
查询镜像成员视图（OpenStack原生）,返回值,1
更新镜像信息,,1
更新镜像信息,功能介绍,1
更新镜像信息,URI,1
更新镜像信息,请求,1
更新镜像信息,响应,1
更新镜像信息,返回值,1
请求认证方式,,1
镜像,,1
镜像,概念,1
镜像,镜像属性,0
镜像的计费标准是什么？,,1
基于云服务器制作镜像是免费的吗？,,1
镜像共享,,1
镜像共享,概念,1
镜像共享,镜像属性,1
常见问题,,1
请求方法,,1
除了文档中支持的镜像格式类型，我可以使用其他镜像格式？,,1
查询镜像成员列表视图（OpenStack原生）,,1
查询镜像成员列表视图（OpenStack原生）,功能介绍,1
查询镜像成员列表视图（OpenStack原生）,URI,1
查询镜像成员列表视图（OpenStack原生）,请求,1
查询镜像成员列表视图（OpenStack原生）,响应,1
查询镜像成员列表视图（OpenStack原生）,返回值,1
弹性负载均衡,删除负载均衡器,1
弹性负载均衡,删除负载均衡器,1
弹性负载均衡,删除负载均衡器,1
弹性负载均衡,删除负载均衡器,1
弹性负载均衡,删除负载均衡器,1
弹性负载均衡,删除负载均衡器,1
弹性负载均衡,常见问题,1
弹性负载均衡,为什么很多访问ELB实例的后端云服务器IP是100.125开头的？,0
弹性负载均衡,使用UDP协议有什么注意事项？,1
弹性负载均衡,查询负载均衡器列表,1
弹性负载均衡,查询负载均衡器列表,1
弹性负载均衡,查询负载均衡器列表,1
弹性负载均衡,查询负载均衡器列表,1
弹性负载均衡,查询负载均衡器列表,1
弹性负载均衡,查询负载均衡器列表,1
弹性负载均衡,为什么用4层ELB后端云服务器访问（如telnet）其实例服务地址不通？,1
弹性负载均衡,修改健康检查,1
弹性负载均衡,修改健康检查,1
弹性负载均衡,修改健康检查,1
弹性负载均衡,修改健康检查,1
弹性负载均衡,修改健康检查,1
弹性负载均衡,修改健康检查,1
弹性负载均衡,查询配额,1
弹性负载均衡,查询配额,1
弹性负载均衡,查询配额,1
弹性负载均衡,查询配额,1
弹性负载均衡,查询配额,1
弹性负载均衡,查询配额,1
弹性负载均衡,什么是私网弹性负载均衡,1
弹性负载均衡,创建健康检查,1
弹性负载均衡,创建健康检查,1
弹性负载均衡,创建健康检查,1
弹性负载均衡,创建健康检查,1
弹性负载均衡,创建健康检查,1
弹性负载均衡,创建健康检查,1
弹性负载均衡,公共响应消息头,1
弹性负载均衡,相关配置是否有相对合理的推荐值?,1
弹性负载均衡,查询负载均衡器详情,1
弹性负载均衡,查询负载均衡器详情,1
弹性负载均衡,查询负载均衡器详情,1
弹性负载均衡,查询负载均衡器详情,1
弹性负载均衡,查询负载均衡器详情,1
弹性负载均衡,查询负载均衡器详情,1
弹性负载均衡,请求认证方式,1
弹性负载均衡,监听器是什么？,1
弹性负载均衡,获取项目编号,1
弹性负载均衡,接口调用方法,1
弹性负载均衡,查询证书列表,1
弹性负载均衡,查询证书列表,1
弹性负载均衡,查询证书列表,1
弹性负载均衡,查询证书列表,1
弹性负载均衡,查询证书列表,1
弹性负载均衡,查询证书列表,1
弹性负载均衡,监听器,1
弹性负载均衡,弹性负载均衡是否需要手动申请IP？,0
弹性负载均衡,,1
弹性负载均衡,修改负载均衡器,1
弹性负载均衡,修改负载均衡器,1
弹性负载均衡,修改负载均衡器,1
弹性负载均衡,修改负载均衡器,1
弹性负载均衡,修改负载均衡器,1
弹性负载均衡,修改负载均衡器,1
弹性负载均衡,ELB公网IP是否有并发连接数限制？,1
弹性负载均衡,Token认证,1
弹性负载均衡,Token认证,1
弹性负载均衡,Token认证,1
弹性负载均衡,删除证书,1
弹性负载均衡,删除证书,1
弹性负载均衡,删除证书,1
弹性负载均衡,删除证书,1
弹性负载均衡,删除证书,1
弹性负载均衡,删除证书,1
弹性负载均衡,会话保持如何开启？,1
弹性负载均衡,弹性负载均衡支持哪些转发方式？,0
弹性负载均衡,常见问题,1
弹性负载均衡,弹性负载均衡监控指标说明,0
弹性负载均衡,弹性负载均衡监控指标说明,0
弹性负载均衡,弹性负载均衡监控指标说明,0
弹性负载均衡,弹性负载均衡监控指标说明,0
弹性负载均衡,弹性负载均衡监控指标说明,0
弹性负载均衡,弹性负载均衡服务是否收费？,0
弹性负载均衡,生成AK、SK,1
弹性负载均衡,弹性负载均衡,1
弹性负载均衡,请求方法,1
弹性负载均衡,健康检查异常如何排查？,1
弹性负载均衡,配额,1
弹性负载均衡,私网弹性负载均衡适合什么使用场景？,0
弹性负载均衡,后端云服务器,1
弹性负载均衡,AK/SK认证,1
弹性负载均衡,,1
弹性负载均衡,,1
弹性负载均衡,资料下载,1
弹性负载均衡,证书管理,1
弹性负载均衡,变更规则,1
弹性负载均衡,变更规则,1
弹性负载均衡,变更规则,1
弹性负载均衡,修改监听器,1
弹性负载均衡,修改监听器,1
弹性负载均衡,修改监听器,1
弹性负载均衡,修改监听器,1
弹性负载均衡,修改监听器,1
弹性负载均衡,修改监听器,1
删除负载均衡器,,1
删除负载均衡器,功能介绍,1
删除负载均衡器,URI,1
删除负载均衡器,请求,1
删除负载均衡器,响应,1
删除负载均衡器,返回值,1
常见问题,,1
为什么很多访问ELB实例的后端云服务器IP是100.125开头的？,,1
使用UDP协议有什么注意事项？,,1
查询负载均衡器列表,,1
查询负载均衡器列表,功能介绍,1
查询负载均衡器列表,URI,1
查询负载均衡器列表,请求,1
查询负载均衡器列表,响应,1
查询负载均衡器列表,返回值,1
为什么用4层ELB后端云服务器访问（如telnet）其实例服务地址不通？,,1
修改健康检查,,1
修改健康检查,功能介绍,1
修改健康检查,URI,1
修改健康检查,请求,1
修改健康检查,响应,1
修改健康检查,返回值,1
查询配额,,1
查询配额,功能介绍,1
查询配额,URI,1
查询配额,请求,1
查询配额,响应,1
查询配额,返回值,1
什么是私网弹性负载均衡,,1
创建健康检查,,1
创建健康检查,功能介绍,1
创建健康检查,URI,1
创建健康检查,请求,1
创建健康检查,响应,1
创建健康检查,返回值,1
公共响应消息头,,1
相关配置是否有相对合理的推荐值?,,1
查询负载均衡器详情,,1
查询负载均衡器详情,功能介绍,1
查询负载均衡器详情,URI,1
查询负载均衡器详情,请求,1
查询负载均衡器详情,响应,1
查询负载均衡器详情,返回值,1
请求认证方式,,1
监听器是什么？,,1
获取项目编号,,1
接口调用方法,,1
查询证书列表,,1
查询证书列表,功能介绍,1
查询证书列表,URI,1
查询证书列表,请求,1
查询证书列表,响应,1
查询证书列表,返回值,1
监听器,,1
弹性负载均衡是否需要手动申请IP？,,1
,,1
修改负载均衡器,,1
修改负载均衡器,功能介绍,1
修改负载均衡器,URI,1
修改负载均衡器,请求,1
修改负载均衡器,响应,1
修改负载均衡器,返回值,1
ELB公网IP是否有并发连接数限制？,,1
Token认证,,1
Token认证,应用场景,1
Token认证,调用接口步骤,1
删除证书,,1
删除证书,功能介绍,1
删除证书,URI,1
删除证书,请求,1
删除证书,响应,1
删除证书,返回值,1
会话保持如何开启？,,1
弹性负载均衡支持哪些转发方式？,,1
常见问题,,1
弹性负载均衡监控指标说明,,1
弹性负载均衡监控指标说明,功能说明,1
弹性负载均衡监控指标说明,命名空间,1
弹性负载均衡监控指标说明,监控指标,1
弹性负载均衡监控指标说明,维度,1
弹性负载均衡服务是否收费？,,1
生成AK、SK,,1
弹性负载均衡,,1
请求方法,,1
健康检查异常如何排查？,,1
配额,,1
私网弹性负载均衡适合什么使用场景？,,1
后端云服务器,,1
AK/SK认证,,1
,,
,ELB,1
资料下载,,1
证书管理,,1
变更规则,,1
变更规则,操作场景,1
变更规则,调整带宽,1
修改监听器,,1
修改监听器,功能介绍,1
修改监听器,URI,1
修改监听器,请求,1
修改监听器,响应,1
修改监听器,返回值,1
统一身份认证服务,获取用户token,1
统一身份认证服务,获取用户token,1
统一身份认证服务,获取用户token,1
统一身份认证服务,获取用户token,1
统一身份认证服务,获取用户token,1
统一身份认证服务,获取用户token,1
统一身份认证服务,WebSSO断言处理接口,1
统一身份认证服务,WebSSO断言处理接口,1
统一身份认证服务,WebSSO断言处理接口,1
统一身份认证服务,公共响应消息头,1
统一身份认证服务,查询指定条件下的项目信息,1
统一身份认证服务,查询指定条件下的项目信息,1
统一身份认证服务,查询指定条件下的项目信息,1
统一身份认证服务,查询指定条件下的项目信息,1
统一身份认证服务,查询指定条件下的项目信息,1
统一身份认证服务,查询指定条件下的项目信息,1
统一身份认证服务,注册身份提供商,1
统一身份认证服务,注册身份提供商,1
统一身份认证服务,注册身份提供商,1
统一身份认证服务,注册身份提供商,1
统一身份认证服务,注册身份提供商,1
统一身份认证服务,注册身份提供商,1
统一身份认证服务,查询映射,1
统一身份认证服务,查询映射,1
统一身份认证服务,查询映射,1
统一身份认证服务,查询映射,1
统一身份认证服务,查询映射,1
统一身份认证服务,查询映射,1
统一身份认证服务,查询协议列表,1
统一身份认证服务,查询协议列表,1
统一身份认证服务,查询协议列表,1
统一身份认证服务,查询协议列表,1
统一身份认证服务,查询协议列表,1
统一身份认证服务,查询协议列表,1
统一身份认证服务,权限,1
统一身份认证服务,AK/SK认证,1
统一身份认证服务,查询用户可以访问的项目列表,1
统一身份认证服务,查询用户可以访问的项目列表,1
统一身份认证服务,查询用户可以访问的项目列表,1
统一身份认证服务,查询用户可以访问的项目列表,1
统一身份认证服务,查询用户可以访问的项目列表,1
统一身份认证服务,查询用户可以访问的项目列表,1
统一身份认证服务,查询区域列表,1
统一身份认证服务,查询区域列表,1
统一身份认证服务,查询区域列表,1
统一身份认证服务,查询区域列表,1
统一身份认证服务,查询区域列表,1
统一身份认证服务,查询区域列表,1
统一身份认证服务,创建用户,1
统一身份认证服务,创建用户,1
统一身份认证服务,创建用户,1
统一身份认证服务,创建用户,1
统一身份认证服务,创建用户,1
统一身份认证服务,创建用户,1
统一身份认证服务,接口调用方法,1
统一身份认证服务,查询协议,1
统一身份认证服务,查询协议,1
统一身份认证服务,查询协议,1
统一身份认证服务,查询协议,1
统一身份认证服务,查询协议,1
统一身份认证服务,查询协议,1
统一身份认证服务,查询终端节点详情,1
统一身份认证服务,查询终端节点详情,1
统一身份认证服务,查询终端节点详情,1
统一身份认证服务,查询终端节点详情,1
统一身份认证服务,查询终端节点详情,1
统一身份认证服务,查询终端节点详情,1
统一身份认证服务,生成AK/SK,1
统一身份认证服务,查询权限列表,1
统一身份认证服务,查询权限列表,1
统一身份认证服务,查询权限列表,1
统一身份认证服务,查询权限列表,1
统一身份认证服务,查询权限列表,1
统一身份认证服务,查询权限列表,1
统一身份认证服务,查询租户中用户组是否包含权限,1
统一身份认证服务,查询租户中用户组是否包含权限,1
统一身份认证服务,查询租户中用户组是否包含权限,1
统一身份认证服务,查询租户中用户组是否包含权限,1
统一身份认证服务,查询租户中用户组是否包含权限,1
统一身份认证服务,查询租户中用户组是否包含权限,1
统一身份认证服务,用户组,1
统一身份认证服务,相关参数信息获取,1
统一身份认证服务,断言,1
统一身份认证服务,查询权限的详细信息,1
统一身份认证服务,查询权限的详细信息,1
统一身份认证服务,查询权限的详细信息,1
统一身份认证服务,查询权限的详细信息,1
统一身份认证服务,查询权限的详细信息,1
统一身份认证服务,查询权限的详细信息,1
统一身份认证服务,版本信息,1
统一身份认证服务,获取联邦认证的unscopedtoken,1
统一身份认证服务,获取联邦认证的unscopedtoken,1
统一身份认证服务,获取联邦认证的unscopedtoken,1
统一身份认证服务,获取联邦认证的unscopedtoken,1
统一身份认证服务,获取联邦认证的unscopedtoken,1
统一身份认证服务,获取联邦认证的unscopedtoken,1
统一身份认证服务,服务使用方法,1
统一身份认证服务,删除租户中用户组的权限,1
统一身份认证服务,删除租户中用户组的权限,1
统一身份认证服务,删除租户中用户组的权限,1
统一身份认证服务,删除租户中用户组的权限,1
统一身份认证服务,删除租户中用户组的权限,1
统一身份认证服务,删除租户中用户组的权限,1
统一身份认证服务,ECP断言处理接口,1
统一身份认证服务,ECP断言处理接口,1
统一身份认证服务,ECP断言处理接口,1
统一身份认证服务,查询租户中用户组的权限,1
统一身份认证服务,查询租户中用户组的权限,1
统一身份认证服务,查询租户中用户组的权限,1
统一身份认证服务,查询租户中用户组的权限,1
统一身份认证服务,查询租户中用户组的权限,1
统一身份认证服务,查询租户中用户组的权限,1
统一身份认证服务,删除用户组中用户,1
统一身份认证服务,删除用户组中用户,1
统一身份认证服务,删除用户组中用户,1
统一身份认证服务,删除用户组中用户,1
统一身份认证服务,删除用户组中用户,1
统一身份认证服务,删除用户组中用户,1
获取用户token,,1
获取用户token,功能介绍,1
获取用户token,URI,1
获取用户token,请求,1
获取用户token,响应,1
获取用户token,状态码,1
WebSSO断言处理接口,,1
WebSSO断言处理接口,功能介绍,1
WebSSO断言处理接口,URI,1
公共响应消息头,,1
查询指定条件下的项目信息,,1
查询指定条件下的项目信息,功能介绍,1
查询指定条件下的项目信息,URI,1
查询指定条件下的项目信息,请求,1
查询指定条件下的项目信息,响应,1
查询指定条件下的项目信息,状态码,1
注册身份提供商,,1
注册身份提供商,功能介绍,1
注册身份提供商,URI,1
注册身份提供商,请求,1
注册身份提供商,响应,1
注册身份提供商,状态码,1
查询映射,,1
查询映射,功能介绍,1
查询映射,URI,1
查询映射,请求,1
查询映射,响应,1
查询映射,状态码,1
查询协议列表,,1
查询协议列表,功能介绍,1
查询协议列表,URI,1
查询协议列表,请求,1
查询协议列表,响应,1
查询协议列表,状态码,1
权限,,1
AK/SK认证,,1
查询用户可以访问的项目列表,,1
查询用户可以访问的项目列表,功能介绍,1
查询用户可以访问的项目列表,URI,1
查询用户可以访问的项目列表,请求,1
查询用户可以访问的项目列表,响应,1
查询用户可以访问的项目列表,状态码,1
查询区域列表,,1
查询区域列表,功能介绍,1
查询区域列表,URI,1
查询区域列表,请求,1
查询区域列表,响应,1
查询区域列表,状态码,1
创建用户,,1
创建用户,功能介绍,1
创建用户,URI,1
创建用户,请求,1
创建用户,响应,1
创建用户,状态码,1
接口调用方法,,1
查询协议,,1
查询协议,功能介绍,1
查询协议,URI,1
查询协议,请求,1
查询协议,响应,1
查询协议,状态码,1
查询终端节点详情,,1
查询终端节点详情,功能介绍,1
查询终端节点详情,URI,1
查询终端节点详情,请求,1
查询终端节点详情,响应,1
查询终端节点详情,状态码,1
生成AK/SK,,1
查询权限列表,,1
查询权限列表,功能介绍,1
查询权限列表,URI,1
查询权限列表,请求,1
查询权限列表,响应,1
查询权限列表,状态码,1
查询租户中用户组是否包含权限,,1
查询租户中用户组是否包含权限,功能介绍,1
查询租户中用户组是否包含权限,URI,1
查询租户中用户组是否包含权限,请求,1
查询租户中用户组是否包含权限,响应,1
查询租户中用户组是否包含权限,状态码,1
用户组,,1
相关参数信息获取,,1
断言,,1
查询权限的详细信息,,1
查询权限的详细信息,功能介绍,1
查询权限的详细信息,URI,1
查询权限的详细信息,请求,1
查询权限的详细信息,响应,1
查询权限的详细信息,状态码,1
版本信息,,1
获取联邦认证的unscopedtoken,,1
获取联邦认证的unscopedtoken,功能介绍,1
获取联邦认证的unscopedtoken,URI,1
获取联邦认证的unscopedtoken,请求,1
获取联邦认证的unscopedtoken,响应,1
获取联邦认证的unscopedtoken,状态码,1
服务使用方法,,1
删除租户中用户组的权限,,1
删除租户中用户组的权限,功能介绍,1
删除租户中用户组的权限,URI,1
删除租户中用户组的权限,请求,1
删除租户中用户组的权限,响应,1
删除租户中用户组的权限,状态码,1
ECP断言处理接口,,1
ECP断言处理接口,功能介绍,1
ECP断言处理接口,URI,1
查询租户中用户组的权限,,1
查询租户中用户组的权限,功能介绍,1
查询租户中用户组的权限,URI,1
查询租户中用户组的权限,请求,1
查询租户中用户组的权限,响应,1
查询租户中用户组的权限,状态码,1
删除用户组中用户,,1
删除用户组中用户,功能介绍,1
删除用户组中用户,URI,1
删除用户组中用户,请求,1
删除用户组中用户,响应,1
删除用户组中用户,状态码,1
云硬盘,使用SCSI类型的云硬盘是否需要安装驱动,0
云硬盘,服务使用方法,1
云硬盘,生成AK、SK,1
云硬盘,更新云硬盘快照的单个元数据（OpenStack原生）,0
云硬盘,更新云硬盘快照的单个元数据（OpenStack原生）,0
云硬盘,更新云硬盘快照的单个元数据（OpenStack原生）,0
云硬盘,更新云硬盘快照的单个元数据（OpenStack原生）,0
云硬盘,更新云硬盘快照的单个元数据（OpenStack原生）,0
云硬盘,更新云硬盘快照的单个元数据（OpenStack原生）,0
云硬盘,云硬盘,0
云硬盘,卸载云硬盘（OpenStack原生）,0
云硬盘,卸载云硬盘（OpenStack原生）,0
云硬盘,卸载云硬盘（OpenStack原生）,0
云硬盘,卸载云硬盘（OpenStack原生）,0
云硬盘,卸载云硬盘（OpenStack原生）,0
云硬盘,卸载云硬盘（OpenStack原生）,0
云硬盘,卸载云硬盘（OpenStack原生）,0
云硬盘,续费,1
云硬盘,续费,1
云硬盘,续费,1
云硬盘,添加云硬盘的元数据（OpenStack原生）,0
云硬盘,添加云硬盘的元数据（OpenStack原生）,0
云硬盘,添加云硬盘的元数据（OpenStack原生）,0
云硬盘,添加云硬盘的元数据（OpenStack原生）,0
云硬盘,添加云硬盘的元数据（OpenStack原生）,0
云硬盘,添加云硬盘的元数据（OpenStack原生）,0
云硬盘,扩容云硬盘,0
云硬盘,扩容云硬盘,0
云硬盘,扩容云硬盘,0
云硬盘,扩容云硬盘,0
云硬盘,扩容云硬盘,0
云硬盘,扩容云硬盘,0
云硬盘,删除云硬盘,0
云硬盘,删除云硬盘,0
云硬盘,删除云硬盘,0
云硬盘,删除云硬盘,0
云硬盘,删除云硬盘,0
云硬盘,删除云硬盘,0
云硬盘,删除云硬盘的单个元数据（OpenStack原生）,0
云硬盘,删除云硬盘的单个元数据（OpenStack原生）,0
云硬盘,删除云硬盘的单个元数据（OpenStack原生）,0
云硬盘,删除云硬盘的单个元数据（OpenStack原生）,0
云硬盘,删除云硬盘的单个元数据（OpenStack原生）,0
云硬盘,删除云硬盘的单个元数据（OpenStack原生）,0
云硬盘,查询云硬盘列表,0
云硬盘,查询云硬盘列表,0
云硬盘,查询云硬盘列表,0
云硬盘,查询云硬盘列表,0
云硬盘,查询云硬盘列表,0
云硬盘,查询云硬盘列表,0
云硬盘,什么是云硬盘,
云硬盘,文档修订记录,1
云硬盘,云硬盘快照状态,0
云硬盘,公共消息头,1
云硬盘,回滚快照到云硬盘,0
云硬盘,回滚快照到云硬盘,0
云硬盘,回滚快照到云硬盘,0
云硬盘,回滚快照到云硬盘,0
云硬盘,回滚快照到云硬盘,0
云硬盘,回滚快照到云硬盘,0
云硬盘,回滚快照到云硬盘,0
云硬盘,查询云硬盘快照的元数据（OpenStack原生）,0
云硬盘,查询云硬盘快照的元数据（OpenStack原生）,0
云硬盘,查询云硬盘快照的元数据（OpenStack原生）,0
云硬盘,查询云硬盘快照的元数据（OpenStack原生）,0
云硬盘,查询云硬盘快照的元数据（OpenStack原生）,0
云硬盘,查询云硬盘快照的元数据（OpenStack原生）,0
云硬盘,获取项目编号,1
云硬盘,,1
云硬盘,查询云硬盘快照详细信息列表（OpenStack原生）,0
云硬盘,查询云硬盘快照详细信息列表（OpenStack原生）,0
云硬盘,查询云硬盘快照详细信息列表（OpenStack原生）,0
云硬盘,查询云硬盘快照详细信息列表（OpenStack原生）,0
云硬盘,查询云硬盘快照详细信息列表（OpenStack原生）,0
云硬盘,查询云硬盘快照详细信息列表（OpenStack原生）,0
云硬盘,查询所有云硬盘详情（OpenStack原生）,0
云硬盘,查询所有云硬盘详情（OpenStack原生）,0
云硬盘,查询所有云硬盘详情（OpenStack原生）,0
云硬盘,查询所有云硬盘详情（OpenStack原生）,0
云硬盘,查询所有云硬盘详情（OpenStack原生）,0
云硬盘,查询所有云硬盘详情（OpenStack原生）,0
云硬盘,查询接口的v2版本信息（OpenStack原生）,1
云硬盘,查询接口的v2版本信息（OpenStack原生）,1
云硬盘,查询接口的v2版本信息（OpenStack原生）,1
云硬盘,查询接口的v2版本信息（OpenStack原生）,1
云硬盘,查询接口的v2版本信息（OpenStack原生）,1
云硬盘,查询接口的v2版本信息（OpenStack原生）,1
云硬盘,云硬盘快照,0
云硬盘,查询单个云硬盘类型的详细信息（OpenStack原生）,0
云硬盘,查询单个云硬盘类型的详细信息（OpenStack原生）,0
云硬盘,查询单个云硬盘类型的详细信息（OpenStack原生）,0
云硬盘,查询单个云硬盘类型的详细信息（OpenStack原生）,0
云硬盘,查询单个云硬盘类型的详细信息（OpenStack原生）,0
云硬盘,查询单个云硬盘类型的详细信息（OpenStack原生）,0
云硬盘,云硬盘支持扩容吗,
云硬盘,更新云硬盘的元数据（OpenStack原生）,0
云硬盘,更新云硬盘的元数据（OpenStack原生）,0
云硬盘,更新云硬盘的元数据（OpenStack原生）,0
云硬盘,更新云硬盘的元数据（OpenStack原生）,0
云硬盘,更新云硬盘的元数据（OpenStack原生）,0
云硬盘,更新云硬盘的元数据（OpenStack原生）,0
云硬盘,查询扩展接口（OpenStack原生）,1
云硬盘,查询扩展接口（OpenStack原生）,1
云硬盘,查询扩展接口（OpenStack原生）,1
云硬盘,查询扩展接口（OpenStack原生）,1
云硬盘,查询扩展接口（OpenStack原生）,1
云硬盘,查询扩展接口（OpenStack原生）,1
使用SCSI类型的云硬盘是否需要安装驱动,,1
服务使用方法,,1
生成AK、SK,,1
更新云硬盘快照的单个元数据（OpenStack原生）,,1
更新云硬盘快照的单个元数据（OpenStack原生）,功能介绍,1
更新云硬盘快照的单个元数据（OpenStack原生）,URI,1
更新云硬盘快照的单个元数据（OpenStack原生）,请求,1
更新云硬盘快照的单个元数据（OpenStack原生）,响应,1
更新云硬盘快照的单个元数据（OpenStack原生）,返回值,1
云硬盘,,0
卸载云硬盘（OpenStack原生）,,1
卸载云硬盘（OpenStack原生）,功能介绍,1
卸载云硬盘（OpenStack原生）,约束,1
卸载云硬盘（OpenStack原生）,URI,1
卸载云硬盘（OpenStack原生）,请求,1
卸载云硬盘（OpenStack原生）,响应,1
卸载云硬盘（OpenStack原生）,返回值,1
续费,,1
续费,操作场景,1
续费,操作步骤,1
添加云硬盘的元数据（OpenStack原生）,,1
添加云硬盘的元数据（OpenStack原生）,功能介绍,1
添加云硬盘的元数据（OpenStack原生）,URI,1
添加云硬盘的元数据（OpenStack原生）,请求,1
添加云硬盘的元数据（OpenStack原生）,响应,1
添加云硬盘的元数据（OpenStack原生）,返回值,1
扩容云硬盘,,1
扩容云硬盘,功能介绍,1
扩容云硬盘,URI,1
扩容云硬盘,请求,1
扩容云硬盘,响应,1
扩容云硬盘,返回值,1
删除云硬盘,,1
删除云硬盘,功能介绍,1
删除云硬盘,URI,1
删除云硬盘,请求,1
删除云硬盘,响应,1
删除云硬盘,返回值,1
删除云硬盘的单个元数据（OpenStack原生）,,1
删除云硬盘的单个元数据（OpenStack原生）,功能介绍,1
删除云硬盘的单个元数据（OpenStack原生）,URI,1
删除云硬盘的单个元数据（OpenStack原生）,请求,1
删除云硬盘的单个元数据（OpenStack原生）,响应,1
删除云硬盘的单个元数据（OpenStack原生）,返回值,1
查询云硬盘列表,,1
查询云硬盘列表,功能介绍,1
查询云硬盘列表,URI,1
查询云硬盘列表,请求,1
查询云硬盘列表,响应,1
查询云硬盘列表,返回值,1
什么是云硬盘,,
文档修订记录,,1
云硬盘快照状态,,1
公共消息头,,1
回滚快照到云硬盘,,1
回滚快照到云硬盘,功能介绍,1
回滚快照到云硬盘,约束,1
回滚快照到云硬盘,URI,1
回滚快照到云硬盘,请求,1
回滚快照到云硬盘,响应,1
回滚快照到云硬盘,返回值,1
查询云硬盘快照的元数据（OpenStack原生）,,1
查询云硬盘快照的元数据（OpenStack原生）,功能介绍,1
查询云硬盘快照的元数据（OpenStack原生）,URI,1
查询云硬盘快照的元数据（OpenStack原生）,请求,1
查询云硬盘快照的元数据（OpenStack原生）,响应,1
查询云硬盘快照的元数据（OpenStack原生）,返回值,1
获取项目编号,,1
,,
查询云硬盘快照详细信息列表（OpenStack原生）,,1
查询云硬盘快照详细信息列表（OpenStack原生）,功能介绍,1
查询云硬盘快照详细信息列表（OpenStack原生）,URI,1
查询云硬盘快照详细信息列表（OpenStack原生）,请求,1
查询云硬盘快照详细信息列表（OpenStack原生）,响应,1
查询云硬盘快照详细信息列表（OpenStack原生）,返回值,1
查询所有云硬盘详情（OpenStack原生）,,1
查询所有云硬盘详情（OpenStack原生）,功能介绍,1
查询所有云硬盘详情（OpenStack原生）,URI,1
查询所有云硬盘详情（OpenStack原生）,请求,1
查询所有云硬盘详情（OpenStack原生）,响应,1
查询所有云硬盘详情（OpenStack原生）,返回值,1
查询接口的v2版本信息（OpenStack原生）,,1
查询接口的v2版本信息（OpenStack原生）,功能介绍,1
查询接口的v2版本信息（OpenStack原生）,URI,1
查询接口的v2版本信息（OpenStack原生）,请求,1
查询接口的v2版本信息（OpenStack原生）,响应,1
查询接口的v2版本信息（OpenStack原生）,返回值,1
云硬盘快照,,1
查询单个云硬盘类型的详细信息（OpenStack原生）,,1
查询单个云硬盘类型的详细信息（OpenStack原生）,功能介绍,1
查询单个云硬盘类型的详细信息（OpenStack原生）,URI,1
查询单个云硬盘类型的详细信息（OpenStack原生）,请求,1
查询单个云硬盘类型的详细信息（OpenStack原生）,响应,1
查询单个云硬盘类型的详细信息（OpenStack原生）,返回值,1
云硬盘支持扩容吗,,
更新云硬盘的元数据（OpenStack原生）,,1
更新云硬盘的元数据（OpenStack原生）,功能介绍,1
更新云硬盘的元数据（OpenStack原生）,URI,1
更新云硬盘的元数据（OpenStack原生）,请求,1
更新云硬盘的元数据（OpenStack原生）,响应,1
更新云硬盘的元数据（OpenStack原生）,返回值,1
查询扩展接口（OpenStack原生）,,1
查询扩展接口（OpenStack原生）,功能介绍,1
查询扩展接口（OpenStack原生）,URI,1
查询扩展接口（OpenStack原生）,请求,1
查询扩展接口（OpenStack原生）,响应,1
查询扩展接口（OpenStack原生）,返回值,1
云硬盘备份,公共消息头,1
云硬盘备份,示例代码,1
云硬盘备份,查询备份策略,1
云硬盘备份,查询备份策略,1
云硬盘备份,查询备份策略,1
云硬盘备份,查询备份策略,1
云硬盘备份,查询备份策略,1
云硬盘备份,查询备份策略,1
云硬盘备份,续费,1
云硬盘备份,续费,1
云硬盘备份,续费,1
云硬盘备份,接口调用方法,1
云硬盘备份,查询备份详细信息列表,1
云硬盘备份,查询备份详细信息列表,1
云硬盘备份,查询备份详细信息列表,1
云硬盘备份,查询备份详细信息列表,1
云硬盘备份,查询备份详细信息列表,1
云硬盘备份,查询备份详细信息列表,1
云硬盘备份,请求方法,1
云硬盘备份,绑定资源到备份策略,1
云硬盘备份,绑定资源到备份策略,1
云硬盘备份,绑定资源到备份策略,1
云硬盘备份,绑定资源到备份策略,1
云硬盘备份,绑定资源到备份策略,1
云硬盘备份,绑定资源到备份策略,1
云硬盘备份,错误码说明,1
云硬盘备份,创建备份策略,1
云硬盘备份,创建备份策略,1
云硬盘备份,创建备份策略,1
云硬盘备份,创建备份策略,1
云硬盘备份,创建备份策略,1
云硬盘备份,创建备份策略,1
云硬盘备份,创建备份,1
云硬盘备份,创建备份,1
云硬盘备份,创建备份,1
云硬盘备份,创建备份,1
云硬盘备份,创建备份,1
云硬盘备份,创建备份,1
云硬盘备份,购买云硬盘备份服务,0
云硬盘备份,获取项目编号,1
云硬盘备份,云硬盘备份,0
云硬盘备份,查询策略下的备份任务,1
云硬盘备份,查询策略下的备份任务,1
云硬盘备份,查询策略下的备份任务,1
云硬盘备份,查询策略下的备份任务,1
云硬盘备份,查询策略下的备份任务,1
云硬盘备份,查询策略下的备份任务,1
云硬盘备份,Token认证,1
云硬盘备份,Token认证,1
云硬盘备份,Token认证,1
云硬盘备份,查询备份概要信息列表,1
云硬盘备份,查询备份概要信息列表,1
云硬盘备份,查询备份概要信息列表,1
云硬盘备份,查询备份概要信息列表,1
云硬盘备份,查询备份概要信息列表,1
云硬盘备份,查询备份概要信息列表,1
云硬盘备份,AK/SK认证,1
云硬盘备份,包年包月方式,1
云硬盘备份,包年包月方式,1
云硬盘备份,包年包月方式,1
云硬盘备份,包年包月方式,1
云硬盘备份,启用/停用备份策略,1
云硬盘备份,启用/停用备份策略,1
云硬盘备份,查询单个备份详情,1
云硬盘备份,查询单个备份详情,1
云硬盘备份,查询单个备份详情,1
云硬盘备份,查询单个备份详情,1
云硬盘备份,查询单个备份详情,1
云硬盘备份,查询单个备份详情,1
云硬盘备份,按包年包月购买,1
云硬盘备份,按包年包月购买,1
云硬盘备份,按包年包月购买,1
云硬盘备份,请求签名流程,1
云硬盘备份,请求签名流程,1
云硬盘备份,请求签名流程,1
云硬盘备份,生成AK、SK,1
云硬盘备份,按需购买,1
云硬盘备份,按需购买,1
云硬盘备份,公共响应消息头,1
云硬盘备份,修改备份策略,1
云硬盘备份,修改备份策略,1
云硬盘备份,修改备份策略,1
云硬盘备份,修改备份策略,1
云硬盘备份,修改备份策略,1
云硬盘备份,修改备份策略,1
云硬盘备份,按需方式,1
云硬盘备份,按需方式,1
云硬盘备份,按需方式,1
云硬盘备份,按需方式,1
云硬盘备份,备份策略,1
云硬盘备份,立即执行备份策略,1
云硬盘备份,立即执行备份策略,1
云硬盘备份,立即执行备份策略,1
云硬盘备份,立即执行备份策略,1
云硬盘备份,立即执行备份策略,1
云硬盘备份,立即执行备份策略,1
云硬盘备份,概述,1
云硬盘备份,从备份恢复磁盘,1
云硬盘备份,从备份恢复磁盘,1
云硬盘备份,从备份恢复磁盘,1
云硬盘备份,从备份恢复磁盘,1
云硬盘备份,从备份恢复磁盘,1
云硬盘备份,从备份恢复磁盘,1
云硬盘备份,从备份策略解绑资源,1
云硬盘备份,从备份策略解绑资源,1
云硬盘备份,从备份策略解绑资源,1
云硬盘备份,从备份策略解绑资源,1
云硬盘备份,从备份策略解绑资源,1
云硬盘备份,从备份策略解绑资源,1
云硬盘备份,服务使用方法,1
云硬盘备份,文档修订记录,1
公共消息头,,1
示例代码,,1
查询备份策略,,1
查询备份策略,功能介绍,1
查询备份策略,URI,1
查询备份策略,请求,1
查询备份策略,响应,1
查询备份策略,返回值,1
续费,,1
续费,操作场景,1
续费,操作步骤,1
接口调用方法,,1
查询备份详细信息列表,,1
查询备份详细信息列表,功能介绍,1
查询备份详细信息列表,URI,1
查询备份详细信息列表,请求,1
查询备份详细信息列表,响应,1
查询备份详细信息列表,返回值,1
请求方法,,1
绑定资源到备份策略,,1
绑定资源到备份策略,功能介绍,1
绑定资源到备份策略,URI,1
绑定资源到备份策略,请求,1
绑定资源到备份策略,响应,1
绑定资源到备份策略,返回值,1
错误码说明,,1
创建备份策略,,1
创建备份策略,功能介绍,1
创建备份策略,URI,1
创建备份策略,请求,1
创建备份策略,响应,1
创建备份策略,返回值,1
创建备份,,1
创建备份,功能介绍,1
创建备份,URI,1
创建备份,请求,1
创建备份,响应,1
创建备份,返回值,1
购买云硬盘备份服务,,1
获取项目编号,,1
云硬盘备份,,1
查询策略下的备份任务,,1
查询策略下的备份任务,功能介绍,1
查询策略下的备份任务,URI,1
查询策略下的备份任务,请求,1
查询策略下的备份任务,响应,1
查询策略下的备份任务,返回值,1
Token认证,,1
Token认证,应用场景,1
Token认证,调用接口步骤,1
查询备份概要信息列表,,1
查询备份概要信息列表,功能介绍,1
查询备份概要信息列表,URI,1
查询备份概要信息列表,请求,1
查询备份概要信息列表,响应,1
查询备份概要信息列表,返回值,1
AK/SK认证,,1
包年包月方式,,1
包年包月方式,计费因子,1
包年包月方式,计费公式,1
包年包月方式,计费案例,1
启用/停用备份策略,,1
启用/停用备份策略,功能介绍,1
查询单个备份详情,,1
查询单个备份详情,功能介绍,1
查询单个备份详情,URI,1
查询单个备份详情,请求,1
查询单个备份详情,响应,1
查询单个备份详情,返回值,1
按包年包月购买,,1
按包年包月购买,背景信息,1
按包年包月购买,操作步骤,1
请求签名流程,,1
请求签名流程,签名前的准备,1
请求签名流程,签名过程,1
生成AK、SK,,1
按需购买,,1
按需购买,操作步骤,1
公共响应消息头,,1
修改备份策略,,1
修改备份策略,功能介绍,1
修改备份策略,URI,1
修改备份策略,请求,1
修改备份策略,响应,1
修改备份策略,返回值,1
按需方式,,1
按需方式,计费因子,1
按需方式,计费公式,1
按需方式,计费案例,1
备份策略,,1
立即执行备份策略,,1
立即执行备份策略,功能介绍,1
立即执行备份策略,URI,1
立即执行备份策略,请求,1
立即执行备份策略,响应,1
立即执行备份策略,返回值,1
概述,,1
从备份恢复磁盘,,1
从备份恢复磁盘,功能介绍,1
从备份恢复磁盘,URI,1
从备份恢复磁盘,请求,1
从备份恢复磁盘,响应,1
从备份恢复磁盘,返回值,1
从备份策略解绑资源,,1
从备份策略解绑资源,功能介绍,1
从备份策略解绑资源,URI,1
从备份策略解绑资源,请求,1
从备份策略解绑资源,响应,1
从备份策略解绑资源,返回值,1
服务使用方法,,1
文档修订记录,,1
